x,y,q1,q2
2010-01-17,709.4100183219863,255.72597574820514,1964.8407867041608
2010-01-24,696.7999952027751,247.5121921584692,1958.3599375377717
2010-01-31,795.5645979236035,286.09767502397597,2209.1020449301886
2010-02-28,1395.3723740385806,500.91877008294387,3883.803524394832
2010-03-07,1482.27551014028,551.9814118785104,3977.626029233094
2010-04-04,1655.7588957573569,576.7045122933247,4750.304482242752
2010-04-11,1791.0514906758174,661.9299759250345,4843.3254368642
2010-04-18,1809.417670331288,709.5591752000385,4611.722283298995
2010-05-16,1734.572901589977,684.1674935092335,4395.316703972265
2010-05-23,1599.2486668625356,599.4746569431819,4263.61927441116
2010-05-30,1187.2416322813426,422.2075912683738,3335.230743061678
2010-06-27,753.9115980788195,251.7159513816693,2254.0674692205203
2010-07-04,973.113606081988,344.54354006955737,2745.1005850754523
2010-08-01,513.8545201367249,182.4795838401414,1443.7121110551836
2010-08-08,386.16163323568543,133.8813466230229,1110.3036309509826
2010-08-15,357.4130697556409,131.29188884543055,970.0340497273722
2010-09-12,257.391947980798,90.30363830868248,730.2567167979145
2010-09-19,246.85789442678356,85.19858837301994,711.697701774745
2010-09-26,276.6257770621379,95.54469017356524,797.3460504227706
2010-10-17,303.6084792519267,110.80803804823562,828.8716912655431
2010-10-24,309.85639645827786,111.71115328896273,856.3392818658056
2010-10-31,265.11889342213374,96.79780094945906,723.1396508784454
2010-11-28,359.3919565024505,130.23825628217176,988.6684548475537
2010-12-05,472.1213698289336,167.0899571934093,1330.6906870958696
2010-12-12,461.37177267532843,165.56048924436837,1282.5436371303408
2011-01-09,610.252411762891,208.9055836888765,1778.9884325123392
2011-01-16,675.5531230508033,233.90554552277425,1947.545434681612
2011-02-13,1153.411594559697,418.9670149189412,3172.263809566288
2011-02-20,1188.8140660573636,458.61531386726904,3079.0921315619603
2011-02-27,1161.572543938156,422.86651788216375,3187.680546583245
2011-03-27,1347.6477477977905,503.77808004686204,3602.2680885651703
2011-04-03,1550.9469582135455,568.454749106985,4228.55355958543
2011-04-10,1597.5372284894358,587.150404715061,4343.673148877032
2011-05-01,1251.371582172215,433.86486783781214,3605.7171570583228
2011-05-08,1406.232241413048,520.2623867663152,3798.0513636660526
2011-05-15,1416.2390981971384,522.8194657684747,3833.463575178421
2011-06-12,613.4961710928684,231.21225894632698,1625.1223503065562
2011-06-19,468.1647041705688,176.2071989507649,1241.1364422142583
2011-06-26,454.0507787715989,171.43401836136408,1199.8721552071388
2011-07-24,406.92697703829504,152.80766822323298,1080.8993650829298
2011-07-31,550.9120323202271,204.90351643526552,1478.3671166641266
2011-08-07,329.83190949446225,125.56769540779902,863.7526684206957
2011-08-28,223.9797087432496,80.01937086986113,623.7378719775558
2011-09-04,204.3739631739523,70.79953715966184,586.4475855740261
2011-09-11,191.49428684254525,68.95116889142162,528.7130992126162
2011-10-09,174.15126610703595,61.34368950088011,491.078127946929
2011-10-16,280.1076395745918,99.58996929046468,784.5803673526857
2011-10-23,250.77908304033045,89.30462552283343,700.9873709636372
2011-11-20,258.0533634828191,96.6205880892945,686.4435653919301
2011-11-27,286.1095229132536,105.4154561434314,773.6231716224645
2011-12-25,543.1294628273952,193.968839860245,1517.5855982374392
2012-01-01,1209.5038512685105,446.5219555461465,3273.2965027216387
2012-01-08,1741.2010679477369,681.4892294956867,4446.344265639308
2012-01-15,1669.770317776375,675.7423410721999,4123.8689277220155
2012-01-22,1221.9252084672826,502.01382698096967,2972.170885740536
2012-01-29,878.7269524132281,364.65800314122777,2115.5118885784536
2012-02-05,1284.1521729778838,521.4896925824542,3160.050124350797
2012-02-12,563.1748920322672,227.42701717290262,1392.4135845178741
2012-02-19,600.8539748442927,239.52351458041096,1504.9991438582426
2012-02-26,885.705489328021,363.91301963711277,2153.6137914901665
2012-03-04,1249.2092453030086,518.3332304320508,3008.6729141341234
2012-03-11,2199.489512937013,877.8568054031492,5508.605281288776
2012-03-18,1740.1240383755771,615.2304745741889,4918.446606570433
2012-03-25,2197.495570126012,786.962257812297,6133.028278566457
2012-04-01,2023.5011568276102,829.6133770015375,4933.43164711847
2012-04-08,1744.4385747224599,717.7403706294581,4237.743143732223
2012-04-15,1710.9974098034913,686.1083909674453,4264.608119043811
2012-04-22,2164.3419099686444,856.0471241577645,5469.767539969673
2012-04-29,1674.955441241985,608.9159482168062,4604.268396802384
2012-05-06,1495.4834152385822,605.6714138130841,3690.393003023727
2012-05-13,1537.6790113218342,636.1111962028041,3715.0437832404814
2012-05-20,1310.7514763681463,485.01100611583206,3539.43820839711
2012-05-27,1157.6383490175715,468.0555546483302,2861.0124215790324
2012-06-03,1035.563644370157,415.29300090176,2580.02871415679
2012-06-10,1099.580177052604,441.38207706464726,2737.0782109401152
2012-06-17,937.255231198229,369.4469775522931,2375.3802439083843
2012-06-24,597.2106143211976,217.6454095551769,1635.695413887648
2012-07-01,591.4869997100067,210.21544211011505,1661.0036930933952
2012-07-08,565.386863572276,206.77984617948871,1542.9133540898135
2012-07-15,415.6298018726258,165.42424390282514,1041.9994316800187
2012-07-22,388.9626362804699,139.2539919438812,1083.2533291719856
2012-07-29,364.2508068666413,146.11762654177545,905.8128344148482
2012-08-05,449.69435562736373,167.5744422927046,1203.959657180222
2012-08-12,353.588988160364,135.57300663252528,919.6310501964667
2012-08-19,288.79681736608086,105.1476045364835,790.1831427777958
2012-08-26,260.24720621573636,101.14780938414448,667.150429921225
2012-09-02,272.8496699281244,101.44379013565165,731.0467313874207
2012-09-09,193.73993196611374,76.0376235297519,491.2742857912863
2012-09-16,162.20164010199534,60.085644177035725,435.02348294452753
2012-09-23,191.47377948439402,73.80345231727728,494.2466048208124
2012-09-30,209.1561497602211,80.67999061603989,539.7151365828813
2012-10-07,172.75873212375848,64.7898396345335,457.9173215343732
2012-10-14,248.77871287142455,96.97456210750425,635.7918780310313
2012-10-21,232.79219639948164,89.66789819001984,601.8461251273419
2012-10-28,243.45653188342925,90.11048594868855,654.89591975317785
2012-11-04,197.3626037776029,71.48664608271112,541.8271923704738
2012-11-11,177.9269953296708,68.67459588525286,458.49128589750785
2012-11-18,290.2593198792791,115.62610110435264,726.3842700154723
2012-11-25,362.97795840924084,143.13707747853644,918.124742400072
2012-12-02,714.4487963159886,295.6764450420589,1724.3374465823574
2012-12-09,408.9096710061494,149.90301350681273,1112.4697344979388
2012-12-16,338.2814221684919,118.28865635727192,963.9860007133622
2012-12-23,343.0906898429627,131.80505184985688,890.5203238688662
2012-12-30,1196.5539146848037,463.0133321863213,3089.7201993951135
2013-01-13,1502.2087303870874,532.0026183771072,4238.447254484655
2013-01-20,1674.0704902186962,590.6194516959027,4741.678996030947
2013-01-27,804.2037699133638,308.7870246748639,2091.8995065663917
2013-02-17,1420.387607950729,568.8954607229834,3544.1111147171423
2013-02-24,2182.551275750309,840.2591936790648,5666.5709575064975
2013-03-03,1208.9692870299805,445.5478670926859,3277.5414139084105
2013-04-07,2563.2675145094304,967.1091140448046,6791.073115080755
2013-04-14,1754.8846876567854,639.8129928806375,4810.280468094155
2013-05-12,623.3482909403318,229.86284384389367,1687.4951337760442
2013-05-19,874.7862106149282,297.1620830317505,2571.431339707198
2013-06-16,449.9527405416797,168.12682011379874,1201.401689248457
2013-06-23,273.9557218997389,106.69027087373318,701.0193039912424
2013-06-30,207.68686362317098,79.80995285951046,537.9213272353812
2013-07-28,247.0524717774516,84.47022513227094,718.9001600812627
2013-08-04,253.6211010658345,96.97990772092349,660.6857130814906
2013-08-11,225.6941619414392,86.62749288328902,585.462551505132
2013-09-15,251.30996620202242,89.20192468542969,704.7534444733278
2013-10-13,326.6964066685753,129.94893864674577,819.0519687538906
2013-10-20,392.69270655964897,154.56328943590162,995.3401247189855
2013-10-27,825.5941022830355,326.3917519856695,2085.9731927730563
2013-11-24,151.94116854270226,54.91840613248772,417.3059327511385
2013-12-01,204.85276411907668,74.86797852122213,557.540787845175
2013-12-08,269.0435674790008,101.29257647068941,711.8916960819816
2013-12-29,275.07124359398915,99.17303139337899,759.8368288290528
2014-01-05,116.97793951947729,45.028941064246396,301.3922317446718
2014-01-12,190.7115446601869,72.04481246183975,502.1612118272681
2014-02-09,279.7173528077227,105.1135139985436,741.6220204945528
2014-02-16,252.69780811852672,99.43615997227941,639.8307313014457
2014-02-23,282.74068632379345,107.23513819286215,742.8321641169822
2014-03-23,481.4048294027115,171.02111335122717,1351.8247486453038
2014-03-30,398.5979157210519,153.2926049031894,1033.9069830585777
2014-04-27,375.35797256835014,145.39779926136362,966.5372459860546
2014-05-04,389.1526302198846,151.5652390340735,996.7310416922547
2014-05-11,377.98004587585984,145.66602662116722,978.2716042076262
2014-06-08,379.4365938961794,142.4610738491563,1007.8590451198387
2014-06-15,268.010576174648,101.75667471167213,703.2529382823242
2014-06-22,225.04740610466658,84.65334471716213,595.5608228771223
2014-07-13,186.47433498053655,63.76605575177295,541.6704755821463
2014-07-20,168.7568315583886,61.143196530192874,462.72545137329575
2014-07-27,182.7076318509425,68.66220329943286,483.4591816198869
2014-08-24,148.86735859509668,56.612931187686954,388.84694424073155
2014-08-31,106.11578858510151,39.22959335684808,284.2077589358739
2014-09-07,172.99898004569602,65.83947489205492,451.96054623166
2014-10-05,185.87349375791592,68.47503519227924,501.65109722708985
2014-10-12,142.1141234751767,51.846271736157966,386.5704314644084
2014-10-19,166.23574899866477,62.24743818881257,441.1964990843131
2014-11-09,129.88163525815497,43.98730734528772,379.7741218288989
2014-11-16,158.8166085001554,55.9334827203744,447.6173536570184
2014-11-23,126.72023691759023,49.36116862474753,322.9094596837735
2014-12-21,110.9648878466433,39.168068952394314,311.0920780475847
2014-12-28,99.56887458296826,33.518516653344285,292.0050163063687
2015-01-04,172.09564373084154,56.989319146047585,515.6831119905733
2015-02-01,1230.0984050044076,479.5974701585771,3152.581483282282
2015-02-08,865.482383888072,329.85608379116746,2268.239582918618
2015-03-08,1441.7458045456983,561.2158546698051,3701.3421506970994
2015-03-15,1316.0820199713726,504.6323971828774,3429.7632521111223
2015-03-22,1892.5458610047904,715.9294389878934,5000.211740991041
2015-04-19,2343.7710573702134,890.9651623355409,6162.86328036072
2015-04-26,1404.528812819318,487.1056120075666,4046.302868614957
2015-05-03,1890.0334638294637,714.3011711360735,4998.303378244556
2015-05-24,1512.7984681847674,521.8727573829816,4381.683492152297
2015-05-31,1429.4854563331326,557.0358199584977,3665.9485498848394
2015-06-07,1522.454351305229,580.6751648525179,3989.050290524776
2015-07-05,1245.822438005561,488.17579629383374,3176.929496291652
2015-07-12,890.0875953585087,323.66151638942875,2444.7382920905493
2015-07-19,829.6605925389898,289.49217397206314,2374.268877514006
2015-08-16,622.8041317776207,230.55877953694377,1679.48732853486
2015-08-23,636.8443186023536,243.4443861137474,1663.367839415151
2015-09-20,360.9111519289675,134.1940287446101,967.8274186871147
2015-09-27,424.08463442192283,154.04088069371093,1164.4793601088568
2015-10-04,528.8015995538518,196.36439073502206,1421.190364961373
2015-11-01,492.1533428442945,176.1339934246076,1371.973164871451
2015-11-08,519.6507121244629,193.68104354491646,1391.4168429535246
2015-11-15,608.6281998987346,197.74829983763385,1868.9357046846974
2015-12-06,1092.4254428553113,397.552231816861,2998.805555304769
2015-12-13,1155.820274644914,440.7119652422218,3028.651114602899
2015-12-20,1024.0135223881462,390.0075033639028,2686.03979345566
2016-01-03,1212.9109605677515,419.14677875584044,3506.297674755851
2016-01-10,2809.4517102716577,1042.2984605038307,7569.833385447984
2016-01-17,1545.2372739970683,522.7653110201118,4563.73473365646
2016-01-24,2164.3073168017168,764.9538843505064,6120.19851075725
2016-01-31,3575.3202516516008,1381.6020659977823,9249.721416464234
2016-02-07,3093.214489252829,1247.7931244521403,7665.732878356005
2016-02-14,3843.700863714062,1520.7343685543922,9712.735220087005
2016-02-21,4493.129930220777,1797.989289007355,11225.972808076354
2016-02-28,4369.595601731936,1757.7955465298314,10859.901911861049
2016-03-06,4255.747162021841,1702.3647291274813,10636.707879898746
2016-03-13,2773.1571607464803,1110.280611402743,6924.296701439396
2016-03-20,3588.3864405194204,1438.2497690593789,8950.674196067308
2016-03-27,3044.251633627468,1171.7860143741188,7906.288625930446
2016-04-03,3095.0878292804105,1180.941524732294,8109.181126591213
2016-04-10,2868.8821951955442,1141.0589983963307,7210.732341206211
2016-04-17,1504.3187167527633,576.8470741879046,3920.425823935781
2016-04-24,1487.879669154291,536.5455887578291,4122.85984664767
2016-05-01,2133.5768179827674,818.8241100466911,5556.799698779214
2016-05-08,874.6124644458075,319.096131534616,2394.2091648753585
2016-05-15,700.0914568525941,248.7344008657746,1967.2079407869637
2016-05-22,327.05042956692756,119.05176651885971,895.4223306296741
2016-05-29,291.0694635288249,104.35061347460434,808.7206908679176
2016-06-05,218.01051598364418,85.03544460590658,556.5098301767722
2016-06-12,181.82602925333086,67.8994484472986,484.13243176550174
2016-06-19,176.68198225831028,70.27925573080833,441.9183006409659
2016-06-26,209.44513764577673,80.35561107170608,543.365107401327
2016-07-03,203.89369870287777,78.54436382568991,526.7737572977759
2016-07-10,209.20125904187816,76.6352950617226,568.1299204525794
2016-07-17,179.9010625536757,70.63908782794114,455.8064086975323
2016-07-24,174.76274247304914,68.06925800037986,446.2690533533384
2016-07-31,181.82161482783215,71.4214752171911,460.51701201913977
2016-08-07,175.123151004873,62.72200400254044,485.792039978037
2016-08-14,172.07182947406028,64.71814481472445,454.7928140233639
2016-08-21,205.0664236858003,79.76491800104013,524.7650477662701
2016-08-28,178.2621000903579,70.00362071366393,451.5811529864902
2016-09-04,158.2899480721419,62.77468688136243,396.85828512222423
2016-09-11,147.50223824718094,53.65378263621605,402.50207617302664
2016-09-18,145.2199321989832,55.7145920528638,375.9800292726543
2016-09-25,149.4513281973774,55.528982487822226,399.4247230388633
2016-10-02,213.7233175250784,83.00724026456137,547.8348735629825
2016-10-09,158.2437496447035,59.5658806433072,417.69401602942304
2016-10-16,196.91463362907928,77.0303245101012,500.98691919398607
2016-10-23,221.98165807799998,86.170099376599,569.3884725931808
2016-10-30,157.5835128242472,60.201500573265974,409.9168942609823
2016-11-06,248.66696879343758,98.0458444850817,628.3408434302559
2016-11-13,184.27196316252721,61.441660599907024,548.7243347520446
2016-11-20,259.56333058513314,100.52554080092216,667.7307322868326
2016-11-27,278.06083544907415,106.59029148124728,722.8101952266637
2016-12-04,241.692778009745,87.0963595979386,667.583636905078
2016-12-11,233.7410249658783,92.0662569583436,591.0872999834444
2016-12-18,216.69935626924195,83.93718981421131,556.9771337350361
2016-12-25,259.20420294192843,104.22574905320154,642.4378261770548
2017-01-01,404.8073121320075,145.1552634225886,1125.7440578151152
2017-01-08,457.04127539916215,160.97653343850223,1294.2605264203085
2017-02-05,404.7457935313449,140.8267625073731,1159.7798560572953
2017-02-12,377.19269994160254,142.29144363931908,997.1734753761092
2017-02-19,244.59584499979303,94.78932432117637,628.6872799616133
2017-03-12,186.0318847690156,73.25494634063323,470.0921984884438
2017-03-19,279.0341014188096,106.59155935596421,727.8592007296069
2017-03-26,316.3040225927665,113.224460832407,880.4385466986254
2017-04-23,194.63297845238992,73.53276070660442,512.4958358621743
2017-04-30,179.99819961467108,66.44387490624254,484.7423792641554
2017-05-07,133.79025970772028,49.90039534385207,355.9405304092423
2017-06-04,154.99184040121517,58.17946054055696,410.1807382069991
2017-06-11,106.12942151683632,40.28366272376643,276.99648086760016
2017-07-09,108.88399175095077,40.50952587709738,289.8848363836659
2017-07-16,93.3609094927044,36.59558962770615,235.835791869814
2017-07-23,109.3301733548323,38.164519231837296,309.810585480441
2017-08-20,93.0445627507019,36.23433116091564,236.53293015383952
2017-08-27,88.42403362409816,31.19523503116266,247.38016501086733
2017-09-03,81.1242781642737,30.487614865206748,213.19205909608092
2017-09-24,86.07263276563279,32.136522155722744,227.80021449171244
2017-10-01,85.55946572184557,32.067585467668856,225.58264884132646
2017-10-08,79.63827340122367,28.09906057476189,222.46189219490654
2017-11-05,85.4070147734715,32.116055416459865,224.4547562555402
2017-11-12,85.40818905725945,31.352927659663763,229.77896426244743
2017-11-19,83.50067289688533,32.5529389607413,211.80889070197426
2017-12-17,144.62133964393888,56.077272426251,370.52396493884544
2017-12-24,82.77394661671548,29.770796215272668,227.07580546963445
2018-01-21,136.95767531344646,47.706951893952706,389.7516163057886
2018-01-28,172.20451138047562,61.776284557976844,476.8843312213402
2018-02-04,161.50207133330665,55.653388824559514,465.1137442173195
2018-03-04,159.85621016609437,60.39606244810339,420.4394102369346
2018-03-11,176.19628920429733,66.0311279359521,467.4170753888269
2018-03-18,179.20189432855736,66.28267685204361,481.63125426785416
2018-04-15,297.84286383908085,115.01100016770809,768.8154238687638
2018-04-22,320.7380326104113,125.34153075624333,818.3296456707902
2018-05-20,276.8658727297941,111.13875949031186,687.5170085599224
2018-05-27,245.2481962704508,94.32137678716693,635.1445481619832
2018-06-03,285.7216398847439,110.0450009124788,739.3241758086059
2018-07-01,180.89955735134387,66.79182271597828,487.07433756779994
2018-07-08,108.73982767101522,40.389373113035084,289.96429521594683
2018-07-15,110.15763848124861,41.14253831315988,292.19592713924254
2018-08-05,99.94974735856398,34.54951084177822,285.66643367090956
2018-08-12,121.56998214636847,43.63012367391255,335.6201857993651
2018-08-19,105.42371545006789,38.147356543234395,288.317292667988
2018-09-16,106.28994786182491,40.71267740338406,274.9624562306143
2018-09-23,98.45717259314326,37.15364526338017,258.26039601034813
2018-09-30,121.04730404155396,42.15367235954764,344.17443381654414
2018-10-28,161.4884669043186,56.41935729881101,458.8188332118891
2018-11-04,175.3934387152878,63.888324680996305,478.5106881672423
2018-12-02,172.49110799175583,58.28613583664717,506.69314153211417
2018-12-09,294.5723340425819,111.25393904897079,777.2622631466631
2018-12-16,117.35949303778337,44.50757016472405,306.83822430977375
2019-01-13,568.383158051366,206.5984115462567,1560.6554012038278
2019-01-20,686.5768694336509,254.93399910104424,1846.2026109885098
2019-01-27,945.3086365029365,351.52252435584353,2539.26331269576
2019-02-17,1281.420729883303,480.5952452579204,3413.9069049750437
2019-02-24,1091.2557488244604,407.77234164143954,2917.550252322501
2019-03-31,1977.1552663746766,744.1267465130568,5250.5874328734735
2019-04-07,1848.6658428400121,683.5973252791994,4996.483343619201
2019-04-14,1706.890522784524,662.7076198580586,4393.841870944625
2019-05-12,2413.6589795246387,878.5209579020674,6628.265550768366
2019-05-19,2985.785957644788,1122.9659527874044,7935.97561270475
2019-06-16,1629.7006690891592,600.6498120021388,4418.821329817645
2019-06-23,1966.4628662809985,719.0915368064589,5374.580648207282
2019-06-30,1343.0951925388642,464.5338359740008,3879.6886782489028
2019-07-28,1069.4013656326301,381.8999888185982,2991.3194489593247
2019-08-04,988.3707278140046,350.39683386350447,2784.609723038758
2019-08-11,1024.2890838134135,384.31535379965345,2727.200926905017
2019-09-08,1014.415021593166,360.4856288486308,2851.306105117117
2019-09-15,752.539422047106,257.09758050840594,2199.0270574430765
2019-10-13,545.6951758034332,184.63003677272286,1609.060636968341
2019-10-20,516.6579286833928,182.3386583457271,1460.610625640459
2019-10-27,522.9049859658104,186.83102871340017,1460.2944208416313
2019-11-24,419.29606824158566,145.51900786744486,1204.6373268589768
2019-12-01,403.0123361785307,140.08349840781386,1155.9458485684522
2019-12-08,379.84182602324955,131.18439994315906,1096.25880293811
2019-12-29,421.2689421409611,143.32345916947793,1234.4960206951318
2020-01-05,821.5854679814481,312.6263633454948,2156.4935375852165
2020-01-12,617.7367181250468,206.434482356582,1844.5712956057907
2020-01-19,721.2503625016532,252.4781779123243,2056.950670271118
2020-01-26,835.4461699424312,298.000522914142,2338.9363599516655
2020-02-16,1710.5638583917469,654.0161194413865,4471.333969202391
2020-02-23,2146.5248894766223,793.1049213254678,5806.62444240209
2020-03-01,2337.604200321686,899.4105634534965,6072.973171511653
2020-03-08,2770.5308013555414,1046.403752560958,7332.7363591462145
2020-03-15,2125.57013483754,813.0795168085805,5554.109107905867
2020-03-22,3146.806891024217,1262.4980299182705,7841.266460692853
2020-03-29,2570.2562698916972,1004.0677123562887,6577.023275623534
2020-04-05,2761.5065339992643,1025.8066787733942,7431.209497804417
2020-04-12,3667.795993137613,1386.6231779393088,9699.08591183342
2020-04-19,4519.8513137255795,1720.399806276371,11871.951609669788
2020-04-26,3842.877494545112,1407.527304984245,10488.959364497856
2020-05-03,3819.512312505429,1371.3678921240491,10634.86113736201
2020-05-10,4975.533139925304,1885.1290774219124,13129.534060068912
2020-05-17,4126.811839948536,1394.91417400019,12205.216473318074
2020-05-24,1315.2841295262401,511.6028156715321,3379.012471006165
2020-05-31,2296.0693018727407,891.8915996649396,5908.482606383746
2020-06-07,2476.0897036153933,992.1452638137143,6177.324182099035
2020-06-14,2236.6298815792766,857.7752941647897,5829.3813826014675
2020-06-21,2481.581992123995,955.8111180494724,6440.410672759006
2020-06-28,2114.0752890489075,809.5499298676817,5518.146092672672
2020-07-05,1626.6735413813653,658.8472453228414,4014.052235334756
2020-07-12,1448.4497790433454,584.3720721940937,3588.0073369817296
2020-07-19,963.3763227467625,365.2901691382003,2538.0299009735995
2020-07-26,1017.9809635241253,384.7070657465099,2690.996844846367
2020-08-02,407.450368318124,134.6594049828475,1228.7835406273884
2020-08-09,791.8584993774829,309.4969962921139,2023.5754630222166
2020-08-16,651.0394764956708,256.2708586611426,1651.5598006757948
2020-08-23,261.05575267396466,99.16714232422764,684.5862702684692
2020-08-30,404.0143168123191,159.48900563217308,1021.1048861060757
2020-09-06,306.6676323856193,121.56016433231352,771.3502373994063
2020-09-13,232.1273211865881,90.74035119577348,591.4148662528606
2020-09-20,223.64672165364297,84.20193779865076,591.3122273227043
2020-09-27,195.6849186121528,73.07918420068295,521.2108967165502
2020-10-04,180.94715072343413,65.96020431125415,493.39463330329284
2020-10-11,220.76525547950519,82.22759445258993,589.9077255129029
2020-10-18,177.04574527644655,65.66859969125066,474.4905241425899
2020-10-25,132.84771393766914,47.19591053176331,370.71640350135465
2020-11-01,344.12675296393104,120.65713367710553,978.0833633115743
2020-11-08,246.1500903948272,96.82753862457288,623.3964433837649
2020-11-15,170.7024213642212,60.93159358985889,475.0368625031491
2020-11-22,492.1985773793548,194.39721855444722,1243.8735889310499
2020-11-29,204.92389295296638,81.11353999135184,515.4148287038995
2020-12-06,103.50040142145959,39.0982885346912,271.3391520263619
2020-12-13,107.45725115080177,41.75237779395716,274.1420139454964
2020-12-20,125.1063803887476,45.21040443353509,343.1393636280481
2020-12-27,94.5681381534358,34.720318818020615,254.6883402033503
2021-01-17,462.70540336447084,174.0086429474731,1227.6404687678385
2021-01-24,471.0359427855851,177.524240386173,1247.110233094899
2021-01-31,366.8827776679587,124.98726943084772,1073.2175675057179
2021-02-28,1186.292142825719,451.3808500343225,3115.097050325484
2021-03-07,707.762288576678,261.72047595542375,1911.0853823121263
2021-04-04,436.8044027324501,171.16516210332625,1112.3070866966889
2021-04-11,647.3196445642417,257.1129176330178,1627.428229715759
2021-04-18,480.2967651000944,174.90701999233596,1315.869424005409
2021-05-16,644.1184838686999,243.1970321523352,1703.27074629404
2021-05-23,392.4794134579423,148.1294093963592,1037.199302484371
2021-05-30,563.8246539300401,200.92367906634678,1578.9379803414029
2021-06-27,264.02436958328127,98.64115487198906,703.9086952399507
2021-07-04,173.93099882879972,67.33404403322702,446.8127232798054
2021-08-01,118.11188706640003,38.43104038423612,358.80896020666046
2021-08-08,102.39749322486159,37.90671121272227,273.78656694296455
2021-08-15,152.41842648011712,59.518593972101726,387.9253209432695
2021-09-12,90.63485909059082,32.07565351550383,252.8709445791135
2021-09-19,146.051238190808,54.55227656680072,388.25617436122815
2021-09-26,124.61720155483255,46.08899033790814,334.10341192778293
2021-10-17,125.36311783148764,44.936483261135365,346.60252449720883
2021-10-24,158.40928869416084,55.09078001955556,452.0391859966803
2021-10-31,202.48592938591543,73.7879986277018,552.651979165446
2021-11-28,266.9976746181578,96.89120868411003,732.6997322457054
2021-12-05,284.9155283781024,105.34970589819183,767.6686923797065
2021-12-12,276.6707779116887,105.67304989691796,721.7791928756878
2022-01-09,706.7746105271776,276.70203060693666,1802.8935409008313
2022-01-16,413.5483820602975,148.29105408670821,1150.1095699612363
2022-02-13,639.935706168508,229.7182252943333,1779.52071490086
2022-02-20,817.0517600411631,315.3087760761991,2114.6816779096607
2022-02-27,1306.1302550234236,514.2278257535655,3315.18250838576
2022-03-27,1173.2404556585807,447.0950626347597,3076.1163591890754
2022-04-03,1733.689127019385,678.0876310871536,4430.160618522715
2022-04-10,1115.2647260917377,396.1621091987329,3136.3761742542297
2022-05-01,979.0696238237565,371.29717675310906,2579.026192836334
2022-05-08,1931.7361453740673,744.4892176046285,5009.7619525846985
2022-05-15,1746.663454776586,648.0940454396572,4704.523910780629
2022-06-12,518.2363553698918,192.50414935598687,1392.284813969634
2022-06-19,753.7760591177955,274.78128399226256,2064.719947236787
2022-06-26,324.3197140509873,103.2754366582238,1013.9362087746242
2022-07-24,343.92018377358823,119.41488133304594,987.0002526046286
2022-07-31,369.5695233893443,92.6925121508699,1464.6643152430488
2022-08-07,197.3432855028621,39.98378236473706,958.8933196053304
2022-08-28,143.96955315544648,43.13203494166342,475.2112458641518
2022-09-04,146.4881324156799,26.138465082303885,800.5467764110725
2022-09-11,282.1577243486541,47.67928768565491,1646.0721054107723
2022-10-09,258.44098306621265,42.285914100382016,1554.0006299570975
2022-10-16,373.1684807569183,67.82851975214598,2033.0703606018678
2022-10-23,422.21430750010944,107.66805281824537,1647.2337304080634
2022-11-20,785.2903401198957,248.60078526770155,2475.9653601160503
2022-11-27,399.86121275544406,96.50449147936307,1647.0236905371232
2022-12-25,543.6482673129705,142.16677585880853,2071.001225895942
2023-01-01,496.8863546714343,86.94232363774525,2817.7886322986965
2023-01-08,515.1233525084594,109.90507169746552,2400.903816727428
2023-02-05,724.5028005775332,141.5831154417813,3690.561318568339
2023-02-12,684.056389597263,137.2416143543235,3393.7972838712676
2023-02-19,594.894481104012,131.68682972106967,2675.1528130311026
2023-03-12,1206.6034950109017,397.5010368284227,3658.47906376572
2023-03-19,1052.0609810587355,295.62286347390466,3737.5433369533393
2023-03-26,1761.832670816405,594.3211346095957,5219.004539794497
2023-04-23,416.15402412838887,118.75210720772958,1452.1475387288735
2023-04-30,359.1199672284029,62.820657030677104,2031.0441191047087
2023-05-07,459.8050477884874,128.28274436849068,1641.4565637477515
2023-06-04,661.0895685026003,148.97150471785739,2921.9725843229653
2023-06-11,730.6199463036191,146.02749682185325,3639.596197307712
2023-07-09,685.131326039402,143.17861384988348,3264.229037801355
2023-07-16,421.465685368411,57.321926625139106,3059.2084951849
2023-07-23,589.6961885442702,76.47828851290507,4502.480831311991
2023-08-20,486.3200656259965,68.2505291800796,3428.300095948416
2023-08-27,566.4333548945842,69.68970969958268,4553.844172019907
2023-09-03,590.0763540897237,72.9336169576194,4724.472264724559
2023-09-24,637.5240967996283,77.90974736714323,5165.827113218537
2023-10-01,534.1602247228249,65.79309410681553,4286.81552876378
2023-10-08,445.46154739678144,51.9143188790523,3765.9938407321797
2023-11-05,412.2553583545246,44.44860365609629,3756.6510051001023
2023-11-12,410.2781926559797,44.174975311956686,3743.3241658972024
2023-11-19,411.6613843084968,44.27505561905631,3760.2194125661094
2023-12-17,421.62301866483,47.29806978550449,3697.081863283466
2023-12-24,446.86793265745985,52.33154284929476,3760.107861996145
2024-01-07,476.7404541438434,54.15511302723619,4137.07404243484
2024-01-14,532.1797474472156,59.99131085246252,4660.002347950008
2024-01-21,555.0871532443356,62.70556925094729,4853.09557813175
2024-01-28,613.3600179920239,70.14535014037767,5304.170766078633
2024-02-04,595.1079125485571,68.37626836431193,5120.991305975059
2024-02-11,622.3259237527521,70.92791282116518,5400.730593632536
2024-02-18,570.9355894545786,64.42750208096334,4998.584396175979
2024-02-25,531.9626691917924,60.52320516371679,4615.944224478689
2024-03-03,590.3358349410428,66.99794145247138,5141.48023125575
2024-03-10,595.3339749438898,67.98529302093782,5153.927870849903
2024-03-17,526.7786990201639,60.112122670864345,4557.02127246707
2024-03-24,563.819585411493,64.74601901184442,4851.326709042829
2024-03-31,564.4795456910773,63.93625264294647,4923.3235262316975
2024-04-07,544.8123434379014,61.56473778286251,4760.645693826847
